{"name":"建站","slug":"建站","count":3,"postlist":[{"title":"为博客添加AC娘表情包","slug":"为博客添加AC娘表情包","date":"2019-08-03T04:49:25.000Z","updated":"2019-08-03T08:49:19.538Z","comments":true,"path":"api/articles/为博客添加AC娘表情包.json","excerpt":"<p><img src=\"/2019/08/03/为博客添加AC娘表情包/title.jpg\" alt></p>\n<p>闲来无事<del>（不想做手头没做完的任务）</del>，于是想继续折腾折腾这个博客，记得最初看Hexo相关的帖子的时候有人为博客添加了emoji表情的支持，还写了相关的插件。于是心血来潮想给自己的Hexo增加一套自定义表情，作为猴山一员，AC娘表情当然首当其冲成为选择。{<img src=\"/2019/08/03/为博客添加AC娘表情包/../public/static/ac_sticker/51.gif\" alt>}</p>\n<p>最终效果基本就如本文展示的效果。从原理上来说，本贴的实现方法适用于任何基于图片的表情包。下面来详细说说实现方法。</p>","keywords":null,"cover":"/2019/08/03/为博客添加AC娘表情包/title.jpg","content":null,"text":" [Figure] }Horo.C","link":"","raw":null,"photos":[],"categories":[],"tags":[{"name":"建站","slug":"建站","count":3,"path":"api/tags/建站.json"},{"name":"博客","slug":"博客","count":1,"path":"api/tags/博客.json"}]},{"title":"从购买到部署，VPS+hexo博客构建记录 其之一","slug":"从购买到部署，VPS & hexo博客构建记录","date":"2018-01-27T05:44:05.000Z","updated":"2019-07-30T13:43:13.905Z","comments":true,"path":"api/articles/从购买到部署，VPS & hexo博客构建记录.json","excerpt":"<p><img src=\"/2018/01/27/从购买到部署，VPS & hexo博客构建记录/title.jpg\" alt=\"title\"></p>\n<h3 id=\"写在开始之前\"><a href=\"#写在开始之前\" class=\"headerlink\" title=\"写在开始之前\"></a>写在开始之前</h3><p>这篇文章，或者说这一系列文章是记录我从购买VPS到使用hexo部署个人博客的整个流程的流水账。写这个文章一是为自己记录一下从VPS搭建到部署博客的整个过程，二是希望能对和我一样环境和需求的小伙伴提供一个还算清晰的构建过程。如果你只是想有一个写博客的地方用以记录自己的生活或者学习轨迹，那么简书一类的博客系统非常适合你，你不需要维护自己的服务器，不需要折腾博客的各种功能，只需要打开一个markdown的编辑器，开始自己的文字记录即可。或者更进一步，你也可以使用github pages + hexo之类的静态博客生成框架<a href=\"https://zhuanlan.zhihu.com/p/26625249\" target=\"_blank\" rel=\"noopener\">解决方案</a>，这样你也可以在享受定制博客的同时免去维护的麻烦。最后只有你真的觉得上面两种bigger不够或者像我一样买了VPS本来只是为了挂ss，然后觉得一台服务器放着也是放着，干点啥练练手也好，同时又是喜欢折腾的人，这篇文章的内容才是适合你的。</p>\n<p>本来想写的全面一点，目标是让看了之后跟着做的人能够不踩坑，不折腾顺利搞出自己的博客来。然而仔细想想貌似自己有点太托大了，毕竟环境变化万千，各种情况都会在你部署服务器的过程中出现，万全的教程必定不可能存在，权当是我自己流程的记录，若能帮到别人一点，也算有点价值了。</p>\n<p><strong>如果你是一边看一边做，请务必保证看完每一个小节再动手！</strong></p>\n<p>在这篇文章你将会看到：</p>\n<ul>\n<li>购买DO（Digital Ocean）VPS，如何解封自己充钱被封的账号，如何申请github student package</li>\n<li>新建VPS安全防护设定</li>\n<li>（可选）ss架设，科学上网</li>\n</ul>","keywords":null,"cover":null,"content":null,"text":" [Figure] 它事实上是一个shell脚本，将你启动服务的命令添加在exit 0之前即可。Horo·C","link":"","raw":null,"photos":[],"categories":[],"tags":[{"name":"建站","slug":"建站","count":3,"path":"api/tags/建站.json"}]},{"title":"从购买到部署，VPS+hexo博客构建记录 其之二","slug":"从购买到部署，VPS+hexo博客构建记录 其之二","date":"2018-01-31T14:25:44.000Z","updated":"2019-07-30T13:43:13.910Z","comments":true,"path":"api/articles/从购买到部署，VPS+hexo博客构建记录 其之二.json","excerpt":"<p><img src=\"/2018/01/31/从购买到部署，VPS+hexo博客构建记录 其之二/title.jpg\" alt=\"title\"></p>\n<p>上篇中我们做完了VPS的基本部署，在这篇里面可以进行自己的blog构建了。本篇中依然有很多的流水账，我会尽量将我自己踩过的坑写出来。</p>\n<p>在本篇中你将会看到：</p>\n<ul>\n<li>如何在本地搭建Hexo系统，如何在本地编写自己的blog，如何修改blog的主题样式，以及如何启动本地的服务器进行预览。</li>\n<li>如何使用nginx作为Hexo静态页面的Http服务器。</li>\n<li>如何将自己的blog部署至远程服务器。</li>\n<li>如何使用github student package中的Namecheap一年免费域名和隐私保护，如何使用Namecheap自带的DNS解析服务。</li>\n</ul>","keywords":null,"cover":null,"content":null,"text":" [Figure] 至此，一个正真的可通过域名访问的独立blog就完成了，以后需要做的就只剩下不断通过好文章去充实它，在本地编写完成之后渲染并同步到远程文件目录，最后就可以通过浏览器在任何地方访问了。Horo·C","link":"","raw":null,"photos":[],"categories":[],"tags":[{"name":"建站","slug":"建站","count":3,"path":"api/tags/建站.json"}]}]}