{"name":"系统搭建","slug":"系统搭建","count":1,"postlist":[{"title":"舒适窝的最后一块拼图--基于Rock64与Volumio的音频流媒体服务器","slug":"舒适窝的最后一块拼图-基于Rock64与Volumio的音频流媒体服务器","date":"2019-11-10T10:03:21.000Z","updated":"2019-11-11T13:29:20.702Z","comments":true,"path":"api/articles/舒适窝的最后一块拼图-基于Rock64与Volumio的音频流媒体服务器.json","excerpt":"<p><img src=\"/2019/11/10/舒适窝的最后一块拼图-基于Rock64与Volumio的音频流媒体服务器/title.png\" alt=\"title\"></p>\n<p>因为没约到人{<img src=\"/2019/11/10/舒适窝的最后一块拼图-基于Rock64与Volumio的音频流媒体服务器/../public/static/ac_sticker/32.gif\" alt>}，花费了一个周末，在家折腾了一下Rock64这块板子做音频流媒体数播，用来读取NAS里的音乐文件推送到我自己的DAC，同时可以兼顾手机无线和蓝牙的推流服务器。</p>\n<p>其实很早就有这个想法了，自从前段时间收了二手的NAS，把所有的资料都转移到NAS上之后，就开始想着把台机和电脑解耦开来，不然每次听歌都得开电脑在旁边待机，还是有点蛋疼的（我是有多强迫症{<img src=\"/2019/11/10/舒适窝的最后一块拼图-基于Rock64与Volumio的音频流媒体服务器/../public/static/ac_sticker/03.gif\" alt>}）。</p>","keywords":null,"cover":"/2019/11/10/舒适窝的最后一块拼图-基于Rock64与Volumio的音频流媒体服务器/title.png","content":null,"text":" [Figure] }","link":"","raw":null,"photos":[],"categories":[],"tags":[{"name":"系统搭建","slug":"系统搭建","count":1,"path":"api/tags/系统搭建.json"}]}]}