{"name":"博客","slug":"博客","count":1,"postlist":[{"title":"为博客添加AC娘表情包","slug":"为博客添加AC娘表情包","date":"2019-08-03T04:49:25.000Z","updated":"2019-08-03T08:49:19.538Z","comments":true,"path":"api/articles/为博客添加AC娘表情包.json","excerpt":"<p><img src=\"/2019/08/03/为博客添加AC娘表情包/title.jpg\" alt></p>\n<p>闲来无事<del>（不想做手头没做完的任务）</del>，于是想继续折腾折腾这个博客，记得最初看Hexo相关的帖子的时候有人为博客添加了emoji表情的支持，还写了相关的插件。于是心血来潮想给自己的Hexo增加一套自定义表情，作为猴山一员，AC娘表情当然首当其冲成为选择。{<img src=\"/2019/08/03/为博客添加AC娘表情包/../public/static/ac_sticker/51.gif\" alt>}</p>\n<p>最终效果基本就如本文展示的效果。从原理上来说，本贴的实现方法适用于任何基于图片的表情包。下面来详细说说实现方法。</p>","keywords":null,"cover":"/2019/08/03/为博客添加AC娘表情包/title.jpg","content":null,"text":" [Figure] }Horo.C","link":"","raw":null,"photos":[],"categories":[],"tags":[{"name":"建站","slug":"建站","count":3,"path":"api/tags/建站.json"},{"name":"博客","slug":"博客","count":1,"path":"api/tags/博客.json"}]}]}