{"title":"9012年，我拖了台10年前的家庭服务器回家当NAS","slug":"9012年，我拖了台10年前的家庭服务器回家当NAS","date":"2019-07-27T09:11:34.000Z","updated":"2019-07-30T13:43:13.880Z","comments":true,"path":"api/articles/9012年，我拖了台10年前的家庭服务器回家当NAS.json","photos":[],"link":"","excerpt":" [Figure] 搞个NAS这个想法在上研究生的第一年就有了，但是碍于空间问题，一直没有实现。在北京这个寸土寸金的地方，每增加一件大器件，搬家的时候痛不欲生的程度就会上一层。然而真实原因是没钱买硬盘于是NAS的想法就一直鸽到研究生毕业，工作一年。今年618，远在广州的朋友突然问我NAS的选择，然后下手群晖，让我把这个想法又拽了出来。刚好手边也没其他可玩的东西了，虽然还有键盘的坑没填，想想还是把NAS建造工程搬上了日程表。","covers":["/2019/07/27/9012年，我拖了台10年前的家庭服务器回家当NAS/title.jpg","/2019/07/27/9012年，我拖了台10年前的家庭服务器回家当NAS/02.JPG","/2019/07/27/9012年，我拖了台10年前的家庭服务器回家当NAS/03.JPG","/2019/07/27/9012年，我拖了台10年前的家庭服务器回家当NAS/04.JPG"],"content":"<p><img src=\"/2019/07/27/9012年，我拖了台10年前的家庭服务器回家当NAS/title.jpg\" alt=\"title\"></p>\n<p>搞个NAS这个想法在上研究生的第一年就有了，但是碍于空间问题，一直没有实现。在北京这个寸土寸金的地方，每增加一件大器件，搬家的时候痛不欲生的程度就会上一层。<del>然而真实原因是没钱买硬盘</del></p>\n<p>于是NAS的想法就一直鸽到研究生毕业，工作一年。今年618，远在广州的朋友突然问我NAS的选择，然后下手群晖，让我把这个想法又拽了出来。刚好手边也没其他可玩的东西了，虽然还有键盘的坑没填，想想还是把NAS建造工程搬上了日程表。</p>\n<a id=\"more\"></a>\n<p>NAS这东西近几年也发展的很快，随着各大网盘关闭，<del>小姐姐</del>重要学习资料无处安放，家用存储服务的需求就出现了。加上威联通等一系列厂商进入市场，原本NAS的价位已经有了下跌，对于小白来说买台基于RAM架构的成品NAS回家插上硬盘接上网线，基本已经没有什么操作难度。剩下的唯一问题就是钱包答不答应这件事了。</p>\n<p>然后我看了眼市面上的4盘位NAS基本1500+的价格，默默关闭了浏览器。</p>\n<p>除去成品NAS，可选的只有自己组装。于是开始各种google，调研得到不少方案，这方面具体可以参考这篇<a href=\"https://post.smzdm.com/p/ar07mrew/\" target=\"_blank\" rel=\"noopener\">帖子</a>。这里主要说说我目前的需求及我最理想的解决方案。</p>\n<p>其实当前我的需求很简单：</p>\n<ul>\n<li>备份需求（非必须）：备份一些工作文档，备份数量不多的照片。</li>\n<li>局域网数据访问：之前下载的数据都在老的硬盘里，组装新的机器的时候处于静音考虑，没有把机械盘装进机箱里去，导致每次想看之前下的电影，都需要把移动硬盘拿出来插上。因此可以随时访问的局域网文件服务是必须的。<del>只是懒</del></li>\n<li>下载：在学校的时候有六维，把那个账号养了20w+的分数，结果还没等我好好享受就毕业了。因此pt需求也是必要的。</li>\n<li>Nginx：为了挂这个博客。</li>\n<li>Linux环境：可以ssh随时访问，方便折腾一些简单的想法。</li>\n<li>在满足以上条件的基础上，尽量增加性能，降低功耗，最好有ECC保证数据稳定性。</li>\n</ul>\n<p>那么可以预见的，我的需求大概需要以下配置：</p>\n<ul>\n<li>最低4盘位，2*8T做Raid1备份重要数据，剩下两盘位当作下载及局域网影音数据存储。</li>\n<li>最好有ECC，CPU性能满足SMB共享+Nginx挂载静态博客即可。</li>\n</ul>\n<p>好吧这一点也不简单。整个过程中我首先抛弃了装机最多的J3455方案(性价比不高)，然后又因为价格问题抛弃了成品服务器方案(太贵)，最后可选的只剩下两条Ryzen Pro 2200GE Pro + ECC +AB350组装以及上面帖子里的C236方案。于是在详细对比了两种方案之后，我从咸鱼上拖了一台二手的N54L回来。</p>\n<p>因为这台N54L实在是便宜，卖家老哥升了原装内存，8G ECC，性能对于我的需求来说也基本满足，可能没办法折腾，跑服务啥的，但是只要600的服务器还要啥自行车。</p>\n<p><img src=\"/2019/07/27/9012年，我拖了台10年前的家庭服务器回家当NAS/02.JPG\" alt=\"刚到手，清灰\"></p>\n<p>可以看到上一位老哥操的还是比较狠的，基本没清灰。整个拆解开清洗，这时候就能看出HP工业化设计的优势了，基本部件都是免工具的，非常方便。</p>\n<p>清灰完成，直接上块8T的硬盘，先当作文件共享磁盘，后续再增加两块8T做Raid1进行重要数据备份即可。</p>\n<p><img src=\"/2019/07/27/9012年，我拖了台10年前的家庭服务器回家当NAS/03.JPG\" alt=\"8T磁盘\"></p>\n<p><img src=\"/2019/07/27/9012年，我拖了台10年前的家庭服务器回家当NAS/04.JPG\" alt=\"合体\"></p>\n<p>需要注意的是，N54L由于年代久远，主板集成的Raid功能只支持3T以下的磁盘，不过好在软Raid1技术上没有任何困难，同时还比硬件Raid更加方便，所以对我来说没啥区别。目前，机器运行平稳，后续增加硬盘后还可以安装Next Cloud之类的，获得完全与百度云类似的体验。毕竟OMV的特点就是插件多，可玩性高，只是可惜这台机器的CPU太弱（比不上J3455），不然还能跑几个Docker。</p>\n<h3 id=\"未来设计与升级：\"><a href=\"#未来设计与升级：\" class=\"headerlink\" title=\"未来设计与升级：\"></a>未来设计与升级：</h3><ul>\n<li>8T * 2 软Raid1，重要资料存储</li>\n<li>8T 或更大，扩展当前8T的多媒体资源池</li>\n<li><p>（可选）升级16G D3 ECC，更新系统为FreeNAS，玩玩ZFS。</p>\n</li>\n<li><p>机架方案（远在天边）</p>\n<ul>\n<li>E5 + 64G（或以上） RECC 性能服务器 Home Lab</li>\n<li>64T 或以上 CEPH 块服务挂载存储池</li>\n<li>内网万兆光纤交换机</li>\n</ul>\n</li>\n</ul>\n<p>希望有生之年能在家把这一套搞起来。</p>\n<p>Horo.C</p>\n","categories":[],"tags":[]}