{"title":"旅途的开始","slug":"旅途的开始","date":"2018-01-26T13:36:36.000Z","updated":"2019-07-30T13:43:13.916Z","comments":true,"path":"api/articles/旅途的开始.json","photos":[],"link":"","excerpt":null,"covers":["/2018/01/26/旅途的开始/004.jpg"],"content":"<p><img src=\"/2018/01/26/旅途的开始/004.jpg\" alt></p>\n<p>貌似最先的开始总要写点什么东西来纪念以下的？</p>\n<p>早在很早之前就有买个VPS科学上网的想法了，至于博客，一年几十刀的服务器就挂个ss确实有点浪费了，再加上我并没有看油管的需求，想来想去还是写点啥好了。</p>\n<p>博客虽然叫做小窝，但还是想出去旅行的。只是不知道这以笔当作马车前行的旅途，在我强大的拖延症下能坚持多久。但也会抱着一点点的幻想，能不能在“旅途”中捡到一只想回北方的“狼”？</p>\n<p>这边会记录所有异想天开的野心，无聊的吐槽，偶尔诈尸的正经技术文章,目前可能也就这些规划。</p>\n<p>希望能够稍微走远一点，看看不同。</p>\n<p>Horo·C</p>\n","categories":[],"tags":[{"name":"杂谈","slug":"杂谈","count":1,"path":"api/tags/杂谈.json"}]}