{"title":"赫萝的小窝","subtitle":null,"description":"旅途总会有终点","author":"Horo·C","language":null,"timezone":null,"url":"http://yoursite.com","root":"/","permalink":":year/:month/:day/:title/","permalink_defaults":null,"source_dir":"source","public_dir":"public","tag_dir":"tags","archive_dir":"archives","category_dir":"categories","code_dir":"downloads/code","i18n_dir":":lang","skip_render":null,"new_post_name":":title.md","default_layout":"post","titlecase":false,"external_link":true,"filename_case":0,"render_drafts":false,"post_asset_folder":true,"relative_link":false,"future":true,"highlight":{"enable":true,"auto_detect":false,"line_number":true,"tab_replace":null,"first_line_number":"always1"},"default_category":"uncategorized","category_map":null,"tag_map":null,"date_format":"YYYY-MM-DD","time_format":"HH:mm:ss","per_page":10,"pagination_dir":"page","theme":"lite","deploy":{"type":"rsync","host":"159.89.158.158","user":"spicywolf","root":"/home/spicywolf/www/blog","port":22233},"ignore":[],"index_generator":{"per_page":10,"order_by":"-date","path":""},"category_generator":{"per_page":10},"tag_generator":{"per_page":10},"archive_generator":{"per_page":10,"yearly":true,"monthly":true,"daily":false},"marked":{"gfm":true,"pedantic":false,"sanitize":false,"tables":true,"breaks":true,"smartLists":true,"smartypants":true,"modifyAnchors":"","autolink":true},"server":{"port":4000,"log":false,"ip":"0.0.0.0","compress":false,"header":true},"theme_config":{"avatar":{"enable":true,"url":"/static/images/horo.jpg"},"background":{"background_color":"#ffffff","enable_picture":true,"url":"/static/images/townx2.jpg","css_size":"cover","css_position":"50%","gradient_color":{"enable":false,"css_value":"linear-gradient(to right, rgb(74, 135, 193), rgb(179, 177, 251))"}},"menu":{"Home":true,"Archives":true,"Categories":false,"Tags":false},"menu_icons":{"enable":true,"Home":"fa-home","Archives":"fa-archive","Categories":"fa-bookmark","Tags":"fa-hashtag","About":"fa-smile-o"},"blur":{"background_color":"#ffffff","hide_overflow":true,"opacity":{"enable":false,"opacity_value":0.4},"gaussian_radius":{"top_navigator":50,"header":30,"footer":40},"font":{"color":"#ffffff"}},"theme_layout":{"dependent_footer":true},"social":{"github":"https://github.com/xiang2026","weibo":null,"email":"mailto:xiang2026@outlook.com"},"social_icons":{"enable":true,"github":"fa-github-alt","weibo":"fa-weibo","email":"fa-envelope","wechat":"fa-weixin","qq":"fa-qq"},"page_404":{"enable":false,"source_path":"404/index.md"},"gitment":{"enable":false,"github_id":null,"repository_name":null,"client_id":null,"client_secret":null,"per_page":8,"max_comment_height":250},"google_analytics":{"enable":false,"track_id":"UA-XXXXXX-X"},"powered_by":{"text":"Hexo Theme Lite","url":"https://github.com/HeskeyBaozi/hexo-theme-lite/"}}}